node	n	p_value	q1	q2	q3	ILS_explain	IH_explain	ILS_index	IH_index
N3	9864.197375	0.0	0.42582865278483945	0.3977084402166071	0.17646290699855346	0.35292581399710693	0.22124553321805365	0.5293887209956605	0.47012373712363464
N4	10929.494594999998	0.13318948182582468	0.9774915126347616	0.012331724749803036	0.010176762615435469	0.022508487365238507	0	0.03376273104785754	0
